URN,Error
100000,"Timeout 30000ms exceeded.
=========================== logs ===========================
""commit"" event fired
""networkidle"" event fired
============================================================"
103682,"Timeout 30000ms exceeded.
=========================== logs ===========================
""commit"" event fired
""networkidle"" event fired
============================================================"
106818,"Timeout 30000ms exceeded.
=========================== logs ===========================
""commit"" event fired
""networkidle"" event fired
============================================================"
100049,"Timeout 30000ms exceeded.
=========================== logs ===========================
""commit"" event fired
""networkidle"" event fired
============================================================"
100050,"Timeout 30000ms exceeded.
=========================== logs ===========================
""commit"" event fired
""networkidle"" event fired
============================================================"
100001,No provider link found
100015,"Timeout 30000ms exceeded.
=========================== logs ===========================
""commit"" event fired
""networkidle"" event fired
============================================================"
100051,"Timeout 30000ms exceeded.
=========================== logs ===========================
""commit"" event fired
""networkidle"" event fired
============================================================"
105022,"Timeout 30000ms exceeded.
=========================== logs ===========================
""networkidle"" event fired
============================================================"
100052,"Timeout 30000ms exceeded.
=========================== logs ===========================
""commit"" event fired
""networkidle"" event fired
============================================================"
